{
	"info": {
		"_postman_id": "38655307-ae2d-4b6b-8fcb-15d06a2e22d7",
		"name": "Ajax CRUD",
		"schema": "https://schema.getpostman.com/json/collection/v2.1.0/collection.json",
		"_exporter_id": "38345649"
	},
	"item": [
		{
			"name": "Get Tasks",
			"event": [
				{
					"listen": "test",
					"script": {
						"exec": [
							"var template = `",
							"<style type=\"text/css\">",
							"    .tftable {font-size:14px;color:#333333;width:100%;border-width: 1px;border-color: #87ceeb;border-collapse: collapse;}",
							"    .tftable th {font-size:18px;background-color:#87ceeb;border-width: 1px;padding: 8px;border-style: solid;border-color: #87ceeb;text-align:left;}",
							"    .tftable tr {background-color:#ffffff;}",
							"    .tftable td {font-size:14px;border-width: 1px;padding: 8px;border-style: solid;border-color: #87ceeb;}",
							"    .tftable tr:hover {background-color:#e0ffff;}",
							"</style>",
							"",
							"<table class=\"tftable\" border=\"1\">",
							"    <tr>",
							"        <th>ID</th>",
							"        <th>Is Completed</th>",
							"        <th>Name</th>",
							"        <th>Photo</th>",
							"    </tr>",
							"    ",
							"    {{#each response.tasks}}",
							"        <tr id=row_{{@key}}>",
							"            <td>{{id}}</td>",
							"            <td>{{is_completed}}</td>",
							"            <td>{{name}}</td>",
							"            <td>{{photo}}</td>",
							"        </tr>",
							"    {{/each}}",
							"</table>",
							"`;",
							"",
							"function constructVisualizerPayload() {",
							"    return {response: pm.response.json()}",
							"}",
							"",
							"pm.visualizer.set(template, constructVisualizerPayload());"
						],
						"type": "text/javascript",
						"packages": {}
					}
				},
				{
					"listen": "prerequest",
					"script": {
						"exec": [
							""
						],
						"type": "text/javascript",
						"packages": {}
					}
				}
			],
			"request": {
				"method": "GET",
				"header": [],
				"url": {
					"raw": "https://vickstodolist.pythonanywhere.com/get_tasks",
					"protocol": "https",
					"host": [
						"vickstodolist",
						"pythonanywhere",
						"com"
					],
					"path": [
						"get_tasks"
					]
				}
			},
			"response": []
		},
		{
			"name": "Add Task",
			"event": [
				{
					"listen": "prerequest",
					"script": {
						"exec": [
							""
						],
						"type": "text/javascript",
						"packages": {}
					}
				},
				{
					"listen": "test",
					"script": {
						"exec": [
							""
						],
						"type": "text/javascript",
						"packages": {}
					}
				}
			],
			"protocolProfileBehavior": {
				"disabledSystemHeaders": {}
			},
			"request": {
				"method": "POST",
				"header": [],
				"body": {
					"mode": "formdata",
					"formdata": [
						{
							"key": "name",
							"value": "WhatsApp API",
							"type": "text"
						},
						{
							"key": "photo",
							"type": "file",
							"src": "postman-cloud:///1ef8c73d-4654-48f0-8c6e-495ea999a5a9"
						}
					]
				},
				"url": {
					"raw": "https://vickstodolist.pythonanywhere.com/add_task",
					"protocol": "https",
					"host": [
						"vickstodolist",
						"pythonanywhere",
						"com"
					],
					"path": [
						"add_task"
					]
				}
			},
			"response": []
		},
		{
			"name": "Delete Task",
			"request": {
				"method": "POST",
				"header": [],
				"url": {
					"raw": "https://vickstodolist.pythonanywhere.com/delete_task/1",
					"protocol": "https",
					"host": [
						"vickstodolist",
						"pythonanywhere",
						"com"
					],
					"path": [
						"delete_task",
						"1"
					]
				}
			},
			"response": []
		},
		{
			"name": "Update Task",
			"request": {
				"method": "POST",
				"header": [],
				"body": {
					"mode": "urlencoded",
					"urlencoded": [
						{
							"key": "name",
							"value": "Facebook API",
							"type": "text"
						},
						{
							"key": "is_completed",
							"value": "true",
							"type": "text"
						}
					]
				},
				"url": {
					"raw": "https://vickstodolist.pythonanywhere.com/update_task/2",
					"protocol": "https",
					"host": [
						"vickstodolist",
						"pythonanywhere",
						"com"
					],
					"path": [
						"update_task",
						"2"
					]
				}
			},
			"response": []
		}
	]
}